id;first_name;last_name;email;phone_number;job_title
1;Laureline;Leclerc;Seraphin.Marchal54@gmail.com;timide avant que;Producteur de configuration mondial
2;Élie;Rodriguez;Agathange_Brunet27@hotmail.fr;du moment que du moment que ferme;Specialiste de la responsabilité direct
3;Évrard;Durand;Absalon74@hotmail.fr;ensemble;Developpeur de la qualité national
4;Théodore;Faure;Beuve.Leclercq@yahoo.fr;guide aussi;Analyste de paradigme international
5;Jules;Gauthier;Savinien.Nicolas36@hotmail.fr;porte-parole secours gigantesque;Ingenieur de la tactique régional
6;Charles;Nicolas;Garnier.Meunier56@yahoo.fr;efficace nouer;Assistant des facteurs international
7;Alcine;Roger;Hugues.Lefevre@yahoo.fr;devant parlementaire;Superviseur des comptes central
8;Abigaelle;Brun;Aminte_Breton64@yahoo.fr;déjà bon;Coordinateur des infrastructures principal
9;Zacharie;Charpentier;Pauline_Dupuis@hotmail.fr;habile;Directeur de la tactique interne
10;Armande;Robin;Cecile76@hotmail.fr;main-d’œuvre;Executif des directives régional
